customerID,gender,SeniorCitizen,Partner,Dependents,tenure,PhoneService,MultipleLines,InternetService,OnlineSecurity,OnlineBackup,DeviceProtection,TechSupport,StreamingTV,StreamingMovies,Contract,PaperlessBilling,PaymentMethod,MonthlyCharges,TotalCharges,Churn_Prediction,Churn_Probability
NewC0000,Male,1,Yes,No,22,No,No,DSL,No,No internet service,No internet service,No internet service,No internet service,Yes,One year,Yes,Mailed check,73.72150354194855,2136.3623468221617,1,0.568719
NewC0001,Male,0,No,Yes,51,Yes,No,DSL,No internet service,Yes,Yes,No,Yes,No internet service,Two year,Yes,Electronic check,23.01459869072517,877.2452026203421,0,0.11772935
NewC0002,Male,0,Yes,Yes,17,Yes,Yes,No,Yes,No internet service,No,Yes,No internet service,No,Month-to-month,No,Mailed check,108.84951375056342,4310.274093573435,0,0.2321149
NewC0003,Male,1,No,Yes,22,No,Yes,No,No,Yes,Yes,No,No internet service,No internet service,Month-to-month,Yes,Electronic check,108.67345460993842,4137.012768627671,0,0.448467
NewC0004,Female,0,No,Yes,70,Yes,No phone service,Fiber optic,No,No internet service,No internet service,No,No internet service,Yes,Month-to-month,No,Bank transfer (automatic),115.96730021209879,6512.369001076131,0,0.3195196
NewC0005,Male,0,No,Yes,11,Yes,No,Fiber optic,No internet service,No,Yes,No internet service,No internet service,Yes,One year,No,Credit card (automatic),65.49945761151545,4956.592930239994,0,0.3801457
NewC0006,Male,0,No,Yes,10,Yes,No phone service,Fiber optic,Yes,Yes,No,Yes,No,No,One year,Yes,Mailed check,86.08996701524957,4988.847076644003,0,0.21474695
NewC0007,Female,0,No,Yes,11,No,No phone service,Fiber optic,No internet service,No internet service,Yes,Yes,Yes,No internet service,One year,Yes,Electronic check,78.91456656027944,492.52284808054816,0,0.4770585
NewC0008,Male,1,Yes,Yes,11,Yes,No phone service,No,No internet service,No,No,No internet service,No,No,Month-to-month,Yes,Credit card (automatic),78.84908636513549,6648.801653837492,0,0.28838682
NewC0009,Male,1,No,Yes,14,No,Yes,Fiber optic,No,No internet service,No internet service,Yes,No,Yes,One year,No,Credit card (automatic),49.4021426460731,6961.480355699921,1,0.5107051
NewC0010,Male,1,Yes,Yes,49,Yes,No phone service,DSL,No,Yes,No,Yes,Yes,Yes,Two year,No,Electronic check,82.5624187895342,2472.416317875612,0,0.14339907
NewC0011,Male,0,No,Yes,35,No,No,DSL,Yes,No,No,No internet service,No,Yes,Two year,No,Mailed check,87.67394648465887,6761.362601311732,0,0.06477065
NewC0012,Female,1,No,Yes,42,No,Yes,Fiber optic,Yes,No,Yes,No,No,Yes,Month-to-month,Yes,Bank transfer (automatic),82.21163699305119,3367.4572138158096,1,0.5820356
NewC0013,Male,1,No,No,61,Yes,Yes,DSL,No,No internet service,No,No,No internet service,No internet service,One year,Yes,Bank transfer (automatic),53.11427951482716,3153.9919217923098,0,0.13273129
NewC0014,Male,1,No,No,12,Yes,No phone service,DSL,No,Yes,No internet service,Yes,Yes,Yes,One year,No,Bank transfer (automatic),87.86282506608798,6848.8651981854055,0,0.352394
NewC0015,Male,0,No,No,40,No,No,Fiber optic,No,Yes,No,No internet service,No,No internet service,Two year,No,Credit card (automatic),110.99281382944278,3082.634977001277,0,0.33138576
NewC0016,Male,1,No,Yes,28,Yes,No phone service,No,No internet service,Yes,Yes,Yes,Yes,No internet service,Two year,No,Credit card (automatic),45.974748561720105,966.2424416807534,0,0.049946427
NewC0017,Male,1,No,No,8,No,No phone service,No,No,Yes,No,No,No internet service,No,Month-to-month,No,Credit card (automatic),61.59813245209981,7042.146479975413,0,0.3475354
NewC0018,Female,1,No,No,10,Yes,No phone service,No,Yes,No internet service,No internet service,No internet service,No internet service,No,Month-to-month,No,Bank transfer (automatic),32.77403706914132,4054.6751649628145,0,0.19119708
NewC0019,Female,0,No,Yes,63,No,No,No,Yes,Yes,No,No internet service,Yes,No,One year,Yes,Credit card (automatic),24.88841715896199,426.79485895245057,0,0.06606466
NewC0020,Female,1,No,No,53,Yes,Yes,No,No,No,No,No,No,Yes,One year,No,Mailed check,53.55116813006386,2620.2159138631787,0,0.20336466
NewC0021,Male,1,Yes,Yes,12,Yes,No phone service,Fiber optic,Yes,Yes,No,No internet service,No,Yes,Month-to-month,Yes,Electronic check,92.09122221320962,4196.166948936127,1,0.6563678
NewC0022,Male,0,No,Yes,59,Yes,No,Fiber optic,No,No internet service,Yes,No,No internet service,No,Two year,Yes,Credit card (automatic),103.51376492847359,198.97081926133555,0,0.25213146
NewC0023,Female,0,Yes,No,62,No,No,DSL,No internet service,No internet service,No internet service,Yes,No,Yes,Month-to-month,No,Electronic check,108.19203090841008,6890.540734120179,0,0.3252776
NewC0024,Female,0,Yes,Yes,0,No,No,DSL,No internet service,No internet service,No,No internet service,No internet service,No internet service,One year,Yes,Electronic check,71.16679516928463,3583.5028281884047,0,0.48744112
NewC0025,Female,0,Yes,Yes,23,Yes,No,Fiber optic,No internet service,No internet service,No,No internet service,No,No,One year,No,Credit card (automatic),119.82568341470676,6545.532087584123,0,0.17661771
NewC0026,Male,0,No,No,36,No,No phone service,Fiber optic,No internet service,No internet service,No internet service,No internet service,Yes,Yes,One year,Yes,Mailed check,69.5536348190497,2062.6042495712927,1,0.54475355
NewC0027,Male,0,Yes,Yes,5,No,No phone service,No,Yes,No internet service,Yes,Yes,Yes,Yes,Two year,Yes,Credit card (automatic),115.94639325825372,2026.5165779879005,0,0.1297226
NewC0028,Male,0,No,Yes,51,No,No,DSL,Yes,No internet service,No,No internet service,No,Yes,Two year,No,Mailed check,68.5083735267297,1003.9292400662897,0,0.063792065
NewC0029,Male,1,No,No,23,No,No,No,No internet service,No,No,No internet service,Yes,Yes,One year,Yes,Bank transfer (automatic),57.09097594111096,7026.751949962707,0,0.4291199
NewC0030,Female,0,Yes,Yes,5,No,No,Fiber optic,Yes,No internet service,Yes,No internet service,Yes,Yes,Month-to-month,Yes,Mailed check,27.959680440326068,2427.492105687749,1,0.7421846
NewC0031,Female,0,No,No,33,Yes,Yes,Fiber optic,No,No,No,Yes,No internet service,No internet service,Two year,Yes,Electronic check,61.90978128116979,2080.718058225818,0,0.1992374
NewC0032,Male,0,No,No,60,No,No,No,Yes,No internet service,No internet service,Yes,Yes,Yes,Month-to-month,No,Electronic check,94.65008090624993,4977.521608464918,0,0.19684045
NewC0033,Male,1,No,No,30,Yes,Yes,Fiber optic,No,No internet service,Yes,Yes,No,No internet service,Month-to-month,Yes,Credit card (automatic),99.48473120163469,941.5956751532794,1,0.6605463
NewC0034,Female,1,Yes,No,63,No,No,DSL,Yes,No internet service,Yes,Yes,Yes,Yes,Two year,Yes,Bank transfer (automatic),48.51952028510486,2000.4251414895546,0,0.054375876
NewC0035,Female,1,No,No,49,No,Yes,No,No,No,No internet service,No,Yes,No,Two year,No,Credit card (automatic),36.29215836872004,142.82317489875322,0,0.095559314
NewC0036,Male,0,Yes,Yes,71,Yes,Yes,No,No,No,No internet service,No,Yes,No internet service,Two year,Yes,Mailed check,74.02811976440415,4087.635563678941,0,0.022690423
NewC0037,Female,0,Yes,Yes,63,Yes,Yes,No,Yes,Yes,Yes,No,No,No internet service,Month-to-month,No,Bank transfer (automatic),94.27871373154849,7287.72492093232,0,0.09675539
NewC0038,Male,1,No,Yes,11,Yes,No phone service,Fiber optic,No internet service,No internet service,No,Yes,No internet service,No internet service,Two year,Yes,Electronic check,45.439044895077785,3318.1238673970524,0,0.31122333
NewC0039,Male,0,No,No,21,Yes,No,DSL,No internet service,No,Yes,No internet service,Yes,No internet service,One year,No,Electronic check,110.10682502720351,5289.979146304508,0,0.3337834
NewC0040,Male,1,Yes,No,50,Yes,No phone service,DSL,No,No internet service,Yes,No,No internet service,No,Month-to-month,No,Mailed check,83.02567852427418,6849.329591177174,0,0.23572531
NewC0041,Male,0,No,No,7,Yes,No,No,No,No internet service,No,No,No internet service,Yes,One year,No,Electronic check,83.30354831346467,498.1169028184714,0,0.19202518
NewC0042,Male,1,No,Yes,67,No,No,No,No internet service,Yes,No internet service,No internet service,Yes,Yes,Month-to-month,No,Mailed check,29.058463446035347,6746.20892387008,0,0.24974795
NewC0043,Female,1,No,Yes,37,No,No,No,Yes,Yes,Yes,No internet service,No internet service,Yes,Month-to-month,No,Mailed check,84.72792642520969,2683.7025566673933,0,0.43358064
NewC0044,Female,1,Yes,No,46,Yes,Yes,No,No internet service,No,No internet service,No internet service,Yes,No,One year,Yes,Bank transfer (automatic),82.23962997340973,490.0607766854773,0,0.14912394
NewC0045,Female,1,Yes,Yes,51,Yes,Yes,Fiber optic,No,No,No,Yes,No internet service,No internet service,One year,No,Bank transfer (automatic),38.60093463627173,5390.919264253969,0,0.23692012
NewC0046,Female,0,No,Yes,19,Yes,No phone service,Fiber optic,No internet service,No,No,No internet service,Yes,Yes,One year,Yes,Credit card (automatic),102.16687777218502,3211.699547009855,1,0.6528509
NewC0047,Male,0,Yes,No,7,Yes,Yes,DSL,No internet service,No,No internet service,No,No,No internet service,One year,Yes,Electronic check,42.779192440846955,6068.338162065782,1,0.54444313
NewC0048,Female,0,No,No,54,No,Yes,DSL,Yes,No internet service,Yes,No internet service,No internet service,No internet service,One year,No,Bank transfer (automatic),53.4509135899435,3644.848881338096,0,0.1424931
NewC0049,Female,0,Yes,Yes,44,Yes,No phone service,Fiber optic,Yes,No,Yes,Yes,No internet service,No,One year,No,Mailed check,38.99047418493481,6040.321229268331,0,0.100509025
